{"initial_reset_timestamp": 1622758034.7103703, "timestamps": [1622758035.949387, 1622758036.4851537, 1622758037.3218246, 1622758038.473919, 1622758039.3943903, 1622758040.115164, 1622758041.0002887, 1622758041.669566, 1622758042.7561843, 1622758043.8926544], "episode_lengths": [33, 12, 21, 31, 23, 17, 22, 15, 28, 30], "episode_rewards": [33.0, 12.0, 21.0, 31.0, 23.0, 17.0, 22.0, 15.0, 28.0, 30.0], "episode_types": ["t", "t", "t", "t", "t", "t", "t", "t", "t", "t"]}